{
  "species": {
    "N2": {
      "name": "Nitrogen",
      "molecular_weight": 28.0134,
      "phase": "gas",
      "coeffs_high": [
        2.95257692,
        0.0013969004,
        -4.92631603e-07,
        7.86010195e-11,
        -4.60755204e-15,
        -923.948688,
        5.87188762
      ],
      "coeffs_low": [
        3.53100528,
        -0.000123663705,
        -5.02999433e-07,
        2.43530612e-09,
        -1.40881235e-12,
        -1046.97628,
        2.96747038
      ],
      "coeffs_high_9": [
        587712.41,
        -2239.2491,
        6.0669492,
        -0.00061396855,
        1.4918067e-07,
        -1.9231055e-11,
        1.0619544e-15,
        12832.104,
        -15.866396
      ],
      "coeffs_low_9": [
        22103.715,
        -381.84618,
        6.0827384,
        -0.0085309144,
        1.3846462e-05,
        -9.6257936e-09,
        2.5197058e-12,
        710.84609,
        -10.760033
      ]
    },
    "H2O": {
      "name": "Water",
      "molecular_weight": 18.0153,
      "phase": "gas",
      "coeffs_high": [
        2.67703773,
        0.00305629344,
        -8.59024951e-07,
        1.03464377e-10,
        -4.32417173e-15,
        -30208.1133,
        10.0664531
      ],
      "coeffs_low": [
        4.19864056,
        -0.0020364341,
        6.5204063e-06,
        -5.48797051e-09,
        1.77197817e-12,
        -30293.7267,
        -0.849032208
      ],
      "coeffs_high_9": [
        1034972.1,
        -2412.6986,
        4.6461108,
        0.0022919983,
        -6.8368305e-07,
        9.4264689e-11,
        -4.8223805e-15,
        -13842.865,
        -7.9781485
      ],
      "coeffs_low_9": [
        -39479.608,
        575.5731,
        0.93178265,
        0.0072227129,
        -7.3425574e-06,
        4.9550435e-09,
        -1.3369332e-12,
        -33039.743,
        17.242058
      ]
    },
    "CO2": {
      "name": "Carbon Dioxide",
      "molecular_weight": 44.01,
      "phase": "gas",
      "coeffs_high": [
        4.453623,
        0.003140168,
        -1.27841e-06,
        2.393996e-10,
        -1.669033e-14,
        -48966.96,
        -0.955395
      ],
      "coeffs_low": [
        2.356773,
        0.008984596,
        -7.123562e-06,
        2.45919e-09,
        -1.436992e-13,
        -48371.96,
        9.90105
      ],
      "coeffs_high_9": [
        117696.94,
        -1788.8015,
        8.2915435,
        -9.2247783e-05,
        4.8696354e-09,
        -1.8920638e-12,
        6.3306751e-16,
        -39083.45,
        -26.52684
      ],
      "coeffs_low_9": [
        49437.836,
        -626.42921,
        5.3018134,
        0.0025036006,
        -2.1247001e-07,
        -7.6914868e-10,
        2.8499799e-13,
        -45281.899,
        -7.0487901
      ]
    },
    "CO": {
      "name": "Carbon Monoxide",
      "molecular_weight": 28.01,
      "phase": "gas",
      "coeffs_high": [
        2.715183,
        0.001603174,
        -5.45471e-07,
        8.5331e-11,
        -4.864e-15,
        -14592.96,
        8.2426
      ],
      "coeffs_low": [
        3.579523,
        -0.00061035,
        1.01681e-06,
        9.07e-10,
        -9.1305e-13,
        -14774.4,
        3.8641
      ],
      "coeffs_high_9": [
        461915.86,
        -1944.6857,
        5.9166471,
        -0.00056642341,
        1.3988026e-07,
        -1.787665e-11,
        9.6208504e-16,
        -2465.7384,
        -13.874026
      ],
      "coeffs_low_9": [
        14890.276,
        -292.22509,
        5.7244584,
        -0.0081761369,
        1.456886e-05,
        -1.0877332e-08,
        3.0279055e-12,
        -13030.697,
        -7.8591793
      ]
    },
    "C_graphite": {
      "name": "Carbon (Graphite)",
      "molecular_weight": 12.011,
      "phase": "solid",
      "coeffs_high": [
        2.316834,
        -0.000471715,
        1.25828e-07,
        -1.21852e-11,
        4.0858e-16,
        -1026.7,
        -11.3963
      ],
      "coeffs_low": [
        2.316834,
        -0.000471715,
        1.25828e-07,
        -1.21852e-11,
        4.0858e-16,
        -1026.7,
        -11.3963
      ],
      "coeffs_high_9": [
        1810508.0,
        -6195.033,
        10.506041,
        -0.003220141,
        1.0474641e-06,
        -1.543452e-10,
        8.448555e-15,
        -11969.6,
        -45.45084
      ],
      "coeffs_low_9": [
        -109641.49,
        1365.3198,
        -4.6854581,
        0.020838612,
        -3.1077395e-05,
        2.1481177e-08,
        -5.7335964e-12,
        -471.76189,
        19.392211
      ]
    },
    "H2": {
      "name": "Hydrogen",
      "molecular_weight": 2.016,
      "phase": "gas",
      "coeffs_high": [
        2.991423,
        0.00070006,
        -5.6338e-08,
        -9.2315e-12,
        1.5824e-15,
        -835.03,
        -1.3551
      ],
      "coeffs_low": [
        3.298124,
        0.00082494,
        -8.143e-07,
        -9.4754e-11,
        4.1348e-13,
        -1012.5,
        -3.294
      ],
      "coeffs_high_9": [
        514815.9,
        -1367.098,
        2.923458,
        0.0005250567,
        -8.324278e-08,
        6.442845e-12,
        -1.916892e-16,
        -1041.695,
        -7.505705
      ],
      "coeffs_low_9": [
        -30191.13,
        674.4417,
        1.488661,
        0.001341142,
        -1.16104e-06,
        5.068e-10,
        -5.9188e-14,
        -876.1765,
        11.1977
      ]
    },
    "O2": {
      "name": "Oxygen",
      "molecular_weight": 31.9988,
      "phase": "gas",
      "coeffs_high": [
        3.697578,
        0.00061352,
        -1.2588e-07,
        1.7753e-11,
        -1.1365e-15,
        -1233.9,
        3.1892
      ],
      "coeffs_low": [
        3.212932,
        0.0011274,
        -5.7561e-07,
        1.3138e-09,
        -8.7686e-13,
        -1005.24,
        6.0347
      ],
      "coeffs_high_9": [
        -1031336.4,
        4097.4868,
        -0.17408738,
        0.0034243685,
        -1.1923053e-06,
        2.0163359e-10,
        -1.3340576e-14,
        -11250.212,
        14.065611
      ],
      "coeffs_low_9": [
        -34255.634,
        484.70009,
        1.1190109,
        0.0042938892,
        -6.8363005e-06,
        4.8733253e-09,
        -1.2288123e-12,
        -1243.5344,
        6.0303795
      ]
    },
    "OH": {
      "name": "Hydroxyl",
      "molecular_weight": 17.007,
      "phase": "gas",
      "coeffs_high": [
        2.864701,
        0.0010565,
        -2.5908e-07,
        3.0521e-11,
        -1.3323e-15,
        3682.7,
        6.0592
      ],
      "coeffs_low": [
        3.992017,
        -0.0024013,
        4.6179e-06,
        -3.8811e-09,
        1.3641e-12,
        3615.0,
        -0.10392
      ]
    },
    "NO": {
      "name": "Nitrogen Monoxide",
      "molecular_weight": 30.006,
      "phase": "gas",
      "coeffs_high": [
        3.260683,
        0.0011911,
        -4.2917e-07,
        6.9458e-11,
        -4.0336e-15,
        9920.9,
        6.3693
      ],
      "coeffs_low": [
        4.21245,
        -0.0046314,
        1.1041e-05,
        -9.3361e-09,
        2.8035e-12,
        9845.1,
        2.2808
      ]
    },
    "NH3": {
      "name": "Ammonia",
      "molecular_weight": 17.031,
      "phase": "gas",
      "coeffs_high": [
        2.634458,
        0.0058562,
        -1.8172e-06,
        2.7861e-10,
        -1.6021e-14,
        -6024.2,
        10.124
      ],
      "coeffs_low": [
        4.286027,
        -0.0046605,
        1.7694e-05,
        -1.4535e-08,
        3.9649e-12,
        -6230.7,
        -0.1134
      ]
    },
    "CH4": {
      "name": "Methane",
      "molecular_weight": 16.043,
      "phase": "gas",
      "coeffs_high": [
        1.683479,
        0.010237,
        -3.8751e-06,
        6.7856e-10,
        -4.5034e-14,
        -10120.0,
        11.557
      ],
      "coeffs_low": [
        5.149876,
        -0.013671,
        4.918e-05,
        -4.8472e-08,
        1.667e-11,
        -10246.0,
        -4.6413
      ]
    },